created_at,title,url
2026-02-15T16:48:31.759433Z,test,https://www.perplexity.ai/search/test-Rkp7Af7xScCNZXjLV5JFTA
2026-02-15T16:48:28.848939Z,What is 2+2?,https://www.perplexity.ai/search/what-is-2-2-lTyCphvhQ565ZADm5Io.4g
2026-02-15T16:48:27.174245Z,What is 1+1?,https://www.perplexity.ai/search/what-is-1-1-8lE6LT.BS0eDhxgKTjxTnQ
2026-02-15T16:48:25.973326Z,What is Python?,https://www.perplexity.ai/search/what-is-python-xMui5TJ5Qj2QzbDsRWywzg
2026-02-15T16:48:25.088709Z,What is machine learning?,https://www.perplexity.ai/search/what-is-machine-learning-52t..6DyRiayKEa4wrMWeQ
2026-02-15T16:48:22.652131Z,What is the capital of France?,https://www.perplexity.ai/search/what-is-the-capital-of-france-gk2PPScVRAmrCFRYVHVKXg
2026-02-15T16:48:20.539014Z,What is 2+2?,https://www.perplexity.ai/search/what-is-2-2-pGbGhn8ITTi8rJXDpvtTmw
2026-02-15T16:48:19.216724Z,What is the capital of France?,https://www.perplexity.ai/search/what-is-the-capital-of-france-TnhIdgwORhqiKm16V5.JGA
2026-02-15T16:48:17.308226Z,What is 2+2?,https://www.perplexity.ai/search/what-is-2-2-jDxWixa8QwyyR7XJunwGgQ
2026-02-15T16:33:59.101812Z,test,https://www.perplexity.ai/search/test-1y4ViCT8TKqKgEUlNBL8BA
2026-02-15T16:33:56.237782Z,What is 2+2?,https://www.perplexity.ai/search/what-is-2-2-qXdy8QMFQIGAfkNWELxIiw
2026-02-15T16:33:54.638252Z,What is 1+1?,https://www.perplexity.ai/search/what-is-1-1-V87R8ba_Ro.uZBwysUXEzg
2026-02-15T16:33:53.430091Z,What is Python?,https://www.perplexity.ai/search/what-is-python-Ez.fHc3HTKiLjszNB9cxFA
2026-02-15T16:33:52.698249Z,What is machine learning?,https://www.perplexity.ai/search/what-is-machine-learning-8FUwiOjMReauu2Wf.so7ag
2026-02-15T16:33:50.089744Z,What is the capital of France?,https://www.perplexity.ai/search/what-is-the-capital-of-france-5KD5UU8iRNusYJXCVlejbA
2026-02-15T16:33:48.205208Z,What is 2+2?,https://www.perplexity.ai/search/what-is-2-2-eSgsS6t5QDOwO6oPTBG9Wg
2026-02-15T16:33:46.831655Z,What is the capital of France?,https://www.perplexity.ai/search/what-is-the-capital-of-france-8ck3LgNsTCexz2SbOHX7SA
2026-02-15T16:33:45.002306Z,What is 2+2?,https://www.perplexity.ai/search/what-is-2-2-qhT2paE9S6._t7HYkEc.bw
2026-02-15T16:33:08.414342Z,What is 2+2?,https://www.perplexity.ai/search/what-is-2-2-ylBSN4XARBOk.0L0b5Sa4g
2026-02-15T16:33:06.677286Z,What is 1+1?,https://www.perplexity.ai/search/what-is-1-1-VFSA5_jARYq21aBygstQ1g
2026-02-15T16:33:03.468825Z,What is Python?,https://www.perplexity.ai/search/what-is-python-8R31PjlaRfio0guSOS33gw
2026-02-15T16:33:02.461397Z,What is machine learning?,https://www.perplexity.ai/search/what-is-machine-learning-h7f83aeSQA.CkkCQQ28ZOQ
2026-02-15T16:32:59.920139Z,What is the capital of France?,https://www.perplexity.ai/search/what-is-the-capital-of-france-bS1IPdRkQm6PwDZ5dOU33Q
2026-02-15T16:32:57.815866Z,What is 2+2?,https://www.perplexity.ai/search/what-is-2-2-lV5kpugQRjyCr4uPPaIG3A
2026-02-15T16:32:55.855763Z,What is the capital of France?,https://www.perplexity.ai/search/what-is-the-capital-of-france-hMEoV7fQQQCke3stOb64nw
2026-02-15T16:32:53.629628Z,What is 2+2?,https://www.perplexity.ai/search/what-is-2-2-3eQrz7KURiu50xINosY.0w
2026-02-15T16:30:52.655176Z,What is machine learning?,https://www.perplexity.ai/search/what-is-machine-learning-6o2F89u7RGabOHMALXi6JA
2026-02-15T16:30:51.164230Z,What is 2+2?,https://www.perplexity.ai/search/what-is-2-2-4p3vwVkETYmBvOG2btV5zw
2026-02-15T16:30:49.797677Z,What is 1+1?,https://www.perplexity.ai/search/what-is-1-1-TA_Jl7SdSKWJNYEs8DsxDA
2026-02-15T16:30:48.214078Z,What is Python?,https://www.perplexity.ai/search/what-is-python-nYez7Fq_QzyPd1fpqJGWgQ
2026-02-15T16:30:45.360561Z,What is the capital of France?,https://www.perplexity.ai/search/what-is-the-capital-of-france-Qyg97oF9TJ.p88ZH_vEFtw
2026-02-15T16:30:43.400481Z,What is 2+2?,https://www.perplexity.ai/search/what-is-2-2-VZDEhmHMRaSarYQ09ruz1Q
2026-02-15T16:30:41.931725Z,What is the capital of France?,https://www.perplexity.ai/search/what-is-the-capital-of-france-k3VN4es6RJmUNLz4MiU5kA
2026-02-15T16:30:40.051057Z,What is 2+2?,https://www.perplexity.ai/search/what-is-2-2-FxqwOo1VSBanQwX1e2_eeA
2026-02-15T16:29:48.264552Z,What is 2+2?,https://www.perplexity.ai/search/what-is-2-2-eWlpPzU9QraQ8hgw1r_t0A
2026-02-15T16:29:46.985519Z,What is 1+1?,https://www.perplexity.ai/search/what-is-1-1-rOxeXXpSQB2EGoGjfSlCsQ
2026-02-15T16:29:45.614983Z,What is Python?,https://www.perplexity.ai/search/what-is-python-kxIswyKYSQ6CL1TQM84GQw
2026-02-15T16:29:45.479719Z,What is machine learning?,https://www.perplexity.ai/search/what-is-machine-learning-vZBjLrVxSMK1ATksLH8fDA
2026-02-15T16:29:42.916241Z,What is the capital of France?,https://www.perplexity.ai/search/what-is-the-capital-of-france-hri4JSq7Tri3Z9sdSzKNyw
2026-02-15T16:29:40.940149Z,What is 2+2?,https://www.perplexity.ai/search/what-is-2-2-ojgSLtQQQ2SygOmWe0w.Xw
2026-02-15T16:29:39.581458Z,What is the capital of France?,https://www.perplexity.ai/search/what-is-the-capital-of-france-YSP7uW3YRDSPlhXEdrSExg
2026-02-15T16:29:37.372130Z,What is 2+2?,https://www.perplexity.ai/search/what-is-2-2-kbTf74ANS3WE.kRhqYgjJA
2026-02-15T16:28:59.383904Z,What is 2+2?,https://www.perplexity.ai/search/what-is-2-2-CWdm.qbHSbCSrj2CGMh6Jg
2026-02-15T16:28:58.074859Z,What is 1+1?,https://www.perplexity.ai/search/what-is-1-1-rikChuvCSj.sjSb3.CJjRA
2026-02-15T16:28:57.184661Z,What is machine learning?,https://www.perplexity.ai/search/what-is-machine-learning-mewgM6mPQzafVK5Uj.daWw
2026-02-15T16:28:56.236860Z,What is Python?,https://www.perplexity.ai/search/what-is-python-baxUcInrRBmihWX_SVMqVA
2026-02-15T16:28:53.179909Z,What is the capital of France?,https://www.perplexity.ai/search/what-is-the-capital-of-france-oyGM56RyRFKAwsb9_0XcFA
2026-02-15T16:28:50.949855Z,What is 2+2?,https://www.perplexity.ai/search/what-is-2-2-TUS1wg0gQoiTRJLFlwn3UA
2026-02-15T16:28:49.312512Z,What is the capital of France?,https://www.perplexity.ai/search/what-is-the-capital-of-france-cOvfKUghQwaTvPXYNyzZ5Q
2026-02-15T16:28:46.619440Z,What is 2+2?,https://www.perplexity.ai/search/what-is-2-2-7YSXaj_XRVuNZFTXEAfXMg
2026-02-15T16:26:43.982778Z,test,https://www.perplexity.ai/search/test-NTabUs_ATxil0tYInxXGrA
2026-02-15T16:26:40.994199Z,What is 2+2?,https://www.perplexity.ai/search/what-is-2-2-RVmcr7GzSo2wxMD.6bRHdA
2026-02-15T16:26:39.683969Z,What is 1+1?,https://www.perplexity.ai/search/what-is-1-1-ZDBGB1ZvT4yPgHgzs0uwuw
2026-02-15T16:26:38.469417Z,What is Python?,https://www.perplexity.ai/search/what-is-python-L9msOEglQUKxwc7YEJ10zw
2026-02-15T16:26:38.378066Z,What is machine learning?,https://www.perplexity.ai/search/what-is-machine-learning-F0lylSK3SEOS_cEqk2ED2w
2026-02-15T16:26:35.733344Z,What is the capital of France?,https://www.perplexity.ai/search/what-is-the-capital-of-france-6RZZeW52TpC8b7AYwlnxoA
2026-02-15T16:26:33.382701Z,What is 2+2?,https://www.perplexity.ai/search/what-is-2-2-qzXAQldrRjeqG20LZhkXCw
2026-02-15T16:26:31.821622Z,What is the capital of France?,https://www.perplexity.ai/search/what-is-the-capital-of-france-e2g19W1bTJWlsaFh8aX_gQ
2026-02-15T16:26:27.394386Z,What is 2+2?,https://www.perplexity.ai/search/what-is-2-2-YdYcAekYR7Kalu.Yg5OFUw
2026-02-15T16:23:40.962653Z,test,https://www.perplexity.ai/search/test-2vrcHfCWTd.jZLgEqTSa5Q
2026-02-15T16:23:38.003095Z,What is 2+2?,https://www.perplexity.ai/search/what-is-2-2-F2rQfmycRZmH5xkzwV1oSA
2026-02-15T16:23:35.718097Z,What is 1+1?,https://www.perplexity.ai/search/what-is-1-1-njaoomX.R6aITJMbkZKj2Q
2026-02-15T16:23:33.906073Z,What is Python?,https://www.perplexity.ai/search/what-is-python-NXMD6DPGQFuQxJOljZbYjQ
2026-02-15T16:23:31.766022Z,What is machine learning?,https://www.perplexity.ai/search/what-is-machine-learning-nn4yW1xdR2ugqsj0AHBN1A
2026-02-15T16:23:28.532005Z,What is the capital of France?,https://www.perplexity.ai/search/what-is-the-capital-of-france-rGzSzC9vRouMeCrssv7CKw
2026-02-15T16:23:25.956301Z,What is 2+2?,https://www.perplexity.ai/search/what-is-2-2-tE7.by8TQEC4TUHSjrxLUA
2026-02-15T16:23:24.551225Z,What is the capital of France?,https://www.perplexity.ai/search/what-is-the-capital-of-france-0eG4OK3aRAeBEntzj4oWEQ
2026-02-15T16:23:22.611412Z,What is 2+2?,https://www.perplexity.ai/search/what-is-2-2-i35o5tHLT0a7AREzS9NlRw
2026-02-15T16:17:33.864405Z,"what is 1+1

be brief, include just the anwwer with no tl;dr or summary sections.",https://www.perplexity.ai/search/what-is-1-1-be-brief-include-j-fcZb5ntaQ6q3cw0W90PG4A
2026-02-15T16:17:22.653137Z,"what is 1+1

be brief, include just the anwwer with no tl;dr or summary sections.",https://www.perplexity.ai/search/what-is-1-1-be-brief-include-j-5c4JXiH3SaONkIvRcV21cQ
2026-02-15T16:11:03.570607Z,"explai string theory to a 5yo; use diagrams

be brief, include just the anwwer with no tl;dr or summary sections.",https://www.perplexity.ai/search/explai-string-theory-to-a-5yo-sNwCtHt7ReqlautoBlPTUg
2026-02-15T16:10:20.161309Z,"explai string theory to a 5yo; use diagrams

be brief, include just the anwwer with no tl;dr or summary sections.",https://www.perplexity.ai/search/explai-string-theory-to-a-5yo-Em1L5afUSU.Bj9zOj8zCyQ
2026-02-15T16:09:48.803788Z,"qq: how old is bill gates

be brief, include just the anwwer with no tl;dr or summary sections.",https://www.perplexity.ai/search/qq-how-old-is-bill-gates-be-br-pV4QnRvjRmSjcH3XiA1fOA
2026-02-15T15:51:01.682035Z,"Tell me about how cloud run works in brief detail. add ascii art to help explain.

be brief, include just the anwwer with no tl;dr or summary sections.",https://www.perplexity.ai/search/tell-me-about-how-cloud-run-wo-auVk4O26QgucjVnPbEQ19Q
2026-02-15T15:50:28.168383Z,"Tell me about how cloud run works in great detail. add ascii art to help explain.

be brief, include just the anwwer with no tl;dr or summary sections.",https://www.perplexity.ai/search/tell-me-about-how-cloud-run-wo-V5n7daUsRvGrXamtDx0CHQ
2026-02-15T15:48:10.268471Z,"Tell me about how cloud run works in great detail. add ascii art to help explain.

be brief, include just the anwwer with no tl;dr or summary sections.",https://www.perplexity.ai/search/tell-me-about-how-cloud-run-wo-3AOI_2H6R3GwvTnnpZ_gEA
2026-02-15T15:48:09.421601Z,"Tell me about how cloud run works in great detail. add ascii art to help explain.

be brief, include just the anwwer with no tl;dr or summary sections.",https://www.perplexity.ai/search/tell-me-about-how-cloud-run-wo-2CTzReJJTQKqfLf3NBeYzQ
2026-02-15T15:48:05.170144Z,"Tell me about how cloud run works in great detail. add ascii art to help explain.

be brief, include just the anwwer with no tl;dr or summary sections.",https://www.perplexity.ai/search/tell-me-about-how-cloud-run-wo-9kXo2_dKSy62vmLQYMn8NA
2026-02-15T15:45:46.457780Z,"Tell me about how cloud run works in great detail. add ascii art to help explain.

be brief, include just the anwwer with no tl;dr or summary sections.",https://www.perplexity.ai/search/tell-me-about-how-cloud-run-wo-Mj_yvIGrRK.Wixcqp6mksA
2026-02-15T15:43:39.055859Z,"Tell me about how cloud run works in great detail. add ascii art to help explain.

be brief, include just the anwwer with no tl;dr or summary sections.",https://www.perplexity.ai/search/tell-me-about-how-cloud-run-wo-9zczkJZNTEeHQ3..YICXZA
2026-02-15T15:42:33.751280Z,"Tell me about how cloud run works in great detail. add ascii art to help explain.

be brief, include just the anwwer with no tl;dr or summary sections.",https://www.perplexity.ai/search/tell-me-about-how-cloud-run-wo-RKzLjwKaRKi_eOoT2cIFcw
2026-02-15T15:42:00.775962Z,"what is 1+1

be brief, include just the anwwer with no tl;dr or summary sections.",https://www.perplexity.ai/search/what-is-1-1-be-brief-include-j-aMp20VhGS7KGE2.2e7XHrw
2026-02-15T15:41:24.810495Z,"what is 1+1

be brief, include just the anwwer with no tl;dr or summary sections.",https://www.perplexity.ai/search/what-is-1-1-be-brief-include-j-B7MOJJb5TMi1z0MGY5d06w
2026-02-15T15:40:06.775691Z,"Tell me about how cloud run works in great detail. add ascii art to help explain.

be brief, include just the anwwer with no tl;dr or summary sections.",https://www.perplexity.ai/search/tell-me-about-how-cloud-run-wo-amb662HlQFq3xjtR.Us9.w
2026-02-15T15:38:58.543469Z,"Tell me about how cloud run works in great detail. add ascii art to help explain.

be brief, include just the anwwer with no tl;dr or summary sections.",https://www.perplexity.ai/search/tell-me-about-how-cloud-run-wo-czhnMydhSIqtn9cI.TGf1g
2026-02-15T15:37:37.593279Z,test,https://www.perplexity.ai/search/test-vtY2zM7JQtuIx2c8lI7jsg
2026-02-15T15:37:32.178168Z,What is 2+2?,https://www.perplexity.ai/search/what-is-2-2-NL2FxqyQQbGvIwnOduDVig
2026-02-15T15:37:30.839353Z,What is 1+1?,https://www.perplexity.ai/search/what-is-1-1-mKF.BhVkSZCyREZzVFwX7w
2026-02-15T15:37:28.871039Z,What is Python?,https://www.perplexity.ai/search/what-is-python-f2s2yJ93ReGnlSE5qqEBQw
2026-02-15T15:37:27.017646Z,What is machine learning?,https://www.perplexity.ai/search/what-is-machine-learning-o4nQw67KTlOlL6VL6Pp2qQ
2026-02-15T15:37:24.546945Z,What is the capital of France?,https://www.perplexity.ai/search/what-is-the-capital-of-france-z_wbAy5gSbuoDfYXtN4JQw
2026-02-15T15:37:22.738221Z,What is 2+2?,https://www.perplexity.ai/search/what-is-2-2-02vaJ9ksTpi.reD8FzqeIA
2026-02-15T15:37:21.260619Z,What is the capital of France?,https://www.perplexity.ai/search/what-is-the-capital-of-france-dkOG4IGkT..UuXxbA8nPbA
2026-02-15T15:37:19.132971Z,What is 2+2?,https://www.perplexity.ai/search/what-is-2-2-27Zb9E8YRKySJQowmaGTLQ
2026-02-15T15:34:39.976221Z,"Tell me about how cloud run works in great detail. add ascii art to help explain.

be brief, include just the anwwer with no tl;dr or summary sections.",https://www.perplexity.ai/search/tell-me-about-how-cloud-run-wo-eH7zEm0ATqai_VFKqVqyQA
2026-02-15T15:33:23.070844Z,"Tell me about how cloud run works in great detail

be brief, include just the anwwer with no tl;dr or summary sections.",https://www.perplexity.ai/search/tell-me-about-how-cloud-run-wo-2MU5bFumQhO2bBuBDu_Ziw
2026-02-15T15:32:16.151954Z,"Tell me about how cloud run works

be brief, include just the anwwer with no tl;dr or summary sections.",https://www.perplexity.ai/search/tell-me-about-how-cloud-run-wo-8eu9GrTTQzm3BC1wG0QmeA
2026-02-15T15:21:52.421913Z,"Tell me about Kubernetes architecture

be brief, include just the anwwer with no tl;dr or summary sections.",https://www.perplexity.ai/search/tell-me-about-kubernetes-archi-L6OXPVcbQjGMiXJrDv.F4Q
2026-02-15T15:21:40.803411Z,Tell me about Kubernetes architecture,https://www.perplexity.ai/search/tell-me-about-kubernetes-archi-gP0VsG0SQAy60fojlV9uOw
2026-02-15T15:20:44.816182Z,What is 2+2?,https://www.perplexity.ai/search/what-is-2-2-BQSbHR5yRA6utASw6maeDQ
2026-02-15T15:20:27.538819Z,What is 2+2?,https://www.perplexity.ai/search/what-is-2-2-.gMR4GcoSZSOG8HaCqPjHw
2026-02-15T15:20:16.402994Z,Tell me about Kubernetes architecture,https://www.perplexity.ai/search/tell-me-about-kubernetes-archi-.Hr9yb56SV2wRhmzFX38KQ
2026-02-15T15:19:38.901076Z,Tell me about Kubernetes architecture,https://www.perplexity.ai/search/tell-me-about-kubernetes-archi-lOMkC8HkQ3Gq2qfQpbh1lg
2026-02-15T15:18:10.364365Z,"Tell me about Kubernetes architecture

be brief, include just the anwwer with no tl;dr or summary sections.",https://www.perplexity.ai/search/tell-me-about-kubernetes-archi-MyoDwLxRT5yHEpn.EObsDw
2026-02-15T15:16:42.470431Z,"Tell me about Kubernetes architecture

be brief, include just the anwwer with no tl;dr or summary sections.",https://www.perplexity.ai/search/tell-me-about-kubernetes-archi-7E8B.oGrRWaiV_JCbleRww
2026-02-15T15:16:26.311889Z,"Tell me about Kubernetes architecture

be brief, include just the anwwer with no tl;dr or summary sections.",https://www.perplexity.ai/search/tell-me-about-kubernetes-archi-YL57BBogReGTqMoJZ7fU3Q
2026-02-15T15:15:50.555202Z,"Tell me about Kubernetes architecture

be brief, include just the anwwer with no tl;dr or summary sections.",https://www.perplexity.ai/search/tell-me-about-kubernetes-archi-IdizhCyXRTClaxti562k2A
2026-02-15T15:15:38.179218Z,"Tell me about Kubernetes architecture

be brief, include just the anwwer with no tl;dr or summary sections.",https://www.perplexity.ai/search/tell-me-about-kubernetes-archi-NWsUW5SdTL.P_twmWsRPQA
2026-02-15T15:15:18.366336Z,"Tell me about Kubernetes architecture

be brief, include just the anwwer with no tl;dr or summary sections.",https://www.perplexity.ai/search/tell-me-about-kubernetes-archi-MvzxE7MGQRKZ9M2pZb6Wzg
2026-02-15T15:14:59.190833Z,"Tell me about Kubernetes architecture

be brief, include just the anwwer with no tl;dr or summary sections.",https://www.perplexity.ai/search/tell-me-about-kubernetes-archi-YkloNg2.Syaibp91VwP.Zg
2026-02-15T15:09:48.782537Z,test,https://www.perplexity.ai/search/test-9c6dvK2lSjCyyX7R4nk2JQ
2026-02-15T15:09:45.396575Z,What is 2+2?,https://www.perplexity.ai/search/what-is-2-2-y1XiaxOKTeulctTANAR17g
2026-02-15T15:09:43.933407Z,What is 1+1?,https://www.perplexity.ai/search/what-is-1-1-U45CF9hlTSyBck6oY5typg
2026-02-15T15:09:42.373081Z,What is Python?,https://www.perplexity.ai/search/what-is-python-.YLV_04lS2WZmS3qHIDx3g
2026-02-15T15:09:41.732856Z,What is machine learning?,https://www.perplexity.ai/search/what-is-machine-learning-eWqUs1hXRPeLDIsoXyaK6g
2026-02-15T15:09:39.074902Z,What is the capital of France?,https://www.perplexity.ai/search/what-is-the-capital-of-france-6jhwhNuPSZOZhYu31lu9hw
2026-02-15T15:09:37.015736Z,What is 2+2?,https://www.perplexity.ai/search/what-is-2-2-XYL.f375RxiO7ekz.oRzDA
2026-02-15T15:09:34.724818Z,What is the capital of France?,https://www.perplexity.ai/search/what-is-the-capital-of-france-JeGFPiCuRVKKze.iQpQVGA
2026-02-15T15:09:32.559295Z,What is 2+2?,https://www.perplexity.ai/search/what-is-2-2-MYwf0riMS1.G1VIbqYsI2w
2026-02-15T14:57:39.983781Z,who was spider's mother in avatar,https://www.perplexity.ai/search/who-was-spider-s-mother-in-ava-HdWiJXb8SveuPvhLYQio1Q
2026-02-15T14:38:03.464278Z,get me all the steps needed to deploy devstral onto gcp so that I can run it as an openapi endpoint. I need it to have significant capacity and use devstral 2's most capable model. I want to get detai,https://www.perplexity.ai/search/get-me-all-the-steps-needed-to-gcPqhta4RLaxKLEPPDFgCw
2026-02-15T13:54:54.409394Z,What is the 75% percentile of people have as a super fund balance at 46 in Aus,https://www.perplexity.ai/search/what-is-the-75-percentile-of-p-kOonCCluT4CKY_M4Yi2Uzg
2026-02-15T13:36:15.761164Z,What is the 75% super balance for people in Australia,https://www.perplexity.ai/search/what-is-the-75-super-balance-f-4.hidcFuQv21W.AOsk7OCg
2026-02-15T13:10:50.632849Z,What multiplier do I use to calculate the present value of my final salary pension so I can compare it to my defined contribution scheme,https://www.perplexity.ai/search/what-multiplier-do-i-use-to-ca-Qi3ni8U_Thq8lkeli2glMg
2026-02-15T12:58:52.530038Z,"Find this article


Be me
Finally catching the AI agent wave in 2026
Rent the cheapest Hetzner VPS
Lock OpenClaw / Clawdbot inside the most paranoid Docker sandbox imaginable
Hook it up to Gro",https://www.perplexity.ai/search/find-this-article-be-me-finall-VHUss2hpSNG.PHQ3GO2ZJw
2026-02-15T12:15:16.474400Z,What scary things have ai models done in tests of them as they are released,https://www.perplexity.ai/search/what-scary-things-have-ai-mode-IQ.Tp2UOQQqBwNfAxKZxNA
2026-02-15T12:11:02.265711Z,What were the prime directives of robocop 1,https://www.perplexity.ai/search/what-were-the-prime-directives-OLXT4ijoSxmM3tzM5lux6g
2026-02-15T07:22:07.448926Z,"Any and all updates about GroupM, WPP Media, Choreograph, and WPP. Ignore duplicates. Structure the output per my personalization settings. Only include updates or news from the day before and the mor",https://www.perplexity.ai/search/any-and-all-updates-about-grou-iGpG8qwERTGvDWAl6MiYZw
2026-02-15T07:10:15.972053Z,"Any news about Greenwich London, Charlton London, or Blackheath London. Exclude any news solely about the football, or Charlton Athletic. Ensure you remove duplicates. Follow my personalisation to str",https://www.perplexity.ai/search/any-news-about-greenwich-londo-vCgZ5bHdQlyVO.jqOMd9EA
2026-02-15T00:50:05.005376Z,"What is Python?

be brief, include just the anwwer with no tl;dr or summary sections.",https://www.perplexity.ai/search/what-is-python-be-brief-includ-mRxl5EQITSGp1Bde2CIr5g
2026-02-15T00:49:54.305940Z,"test

be brief, include just the anwwer with no tl;dr or summary sections.",https://www.perplexity.ai/search/test-be-brief-include-just-the-HKwJiMvxT0Ww8ZICtVIaOA
2026-02-15T00:49:40.828474Z,"test

be brief, include just the anwwer with no tl;dr or summary sections.",https://www.perplexity.ai/search/test-be-brief-include-just-the-xjroZzy.Sf2SJAbFDYyfGQ
2026-02-15T00:45:02.911928Z,"Tell me about Kubernetes architecture

be brief, include just the anwwer with no tl;dr or summary sections.",https://www.perplexity.ai/search/tell-me-about-kubernetes-archi-ae5ufJxZSOuQpsaP7uSmXg
2026-02-15T00:32:48.463510Z,test,https://www.perplexity.ai/search/test-bnR5xjyETsi._mQW69kdIA
2026-02-15T00:32:45.738699Z,What is 2+2?,https://www.perplexity.ai/search/what-is-2-2-SRK7bTYlQC.ctB.D_cx3pw
2026-02-15T00:32:44.638508Z,What is 1+1?,https://www.perplexity.ai/search/what-is-1-1-9i8UTCTSTUGpgJwCxKbGEQ
2026-02-15T00:32:43.284970Z,What is Python?,https://www.perplexity.ai/search/what-is-python-xt0UijQkTyO0_GoFZK.7JA
2026-02-15T00:32:42.952237Z,What is machine learning?,https://www.perplexity.ai/search/what-is-machine-learning-706obi41SbOqxXUsJ6sYtw
2026-02-15T00:32:40.365117Z,What is the capital of France?,https://www.perplexity.ai/search/what-is-the-capital-of-france-WhOb7ywoSRqAZHuDPhCgag
2026-02-15T00:32:38.115284Z,What is 2+2?,https://www.perplexity.ai/search/what-is-2-2-0ceaott.SKiZvVurCR4f7A
2026-02-15T00:32:36.666773Z,What is the capital of France?,https://www.perplexity.ai/search/what-is-the-capital-of-france-lMmYORyxTra1J9uWwVDSCA
2026-02-15T00:32:34.829122Z,What is 2+2?,https://www.perplexity.ai/search/what-is-2-2-Anqx6_NjQqCnZpUmV3ahqg
2026-02-15T00:27:26.262622Z,What is 2+2?,https://www.perplexity.ai/search/what-is-2-2-wm7kqarNRTOWzL103.26dA
2026-02-15T00:25:21.776505Z,What is Python?,https://www.perplexity.ai/search/what-is-python-3ELl8gyITUmLGDUqj7tAEA
2026-02-14T22:26:50.575367Z,find out what regions glm5 is deployed to in vertex ai,https://www.perplexity.ai/search/find-out-what-regions-glm5-is-RxDof8cvTuutmU4oej4Mig
2026-02-14T22:19:28.680669Z,give me the litellm.yaml config to allow claude code to use glm5 on vertexai,https://www.perplexity.ai/search/give-me-the-litellm-yaml-confi-a9sdFsbNQAeEHj9i4LJe5g
2026-02-14T22:03:35.995733Z,what is policy based authorization,https://www.perplexity.ai/search/what-is-policy-based-authoriza-QUC4oKLWRiSS.KXVoTpdOA
2026-02-14T22:00:32.091542Z,as at 2026 in february what are the best agent development platforms. give me  list and a short description of why they are on it,https://www.perplexity.ai/search/as-at-2026-in-february-what-ar-eOxLle3iSVCnB_09j3CiOA
2026-02-14T19:19:03.400880Z,Find me a way have access to needed libraries and frameworks to build a bedrock Minecraft mod from a Ubuntu machine. I want a guide on what to download and use. Store in in a md file,https://www.perplexity.ai/search/find-me-a-way-have-access-to-n-WQd9GeZ8RgyVRk0gbIetmg
2026-02-14T18:17:15.612908Z,When is the first f1 race of the season,https://www.perplexity.ai/search/when-is-the-first-f1-race-of-t-.DW4asNQRfeBpyEgmkhw.Q
2026-02-14T17:56:26.406638Z,how do I configure claude code to use my litellm proxy,https://www.perplexity.ai/search/how-do-i-configure-claude-code-uotVmVCER5WB09KHzkQduQ
2026-02-14T17:25:32.547439Z,"how are these sorts different

```clojure
(defn bubblesort [coll]
  (loop [coll coll
         changed? true]
    (if (not changed?)
      coll
      (recur
        (loop [remaining coll
              ",https://www.perplexity.ai/search/how-are-these-sorts-different-7ZT.si1tRmag2Cs1Bg0iWQ
2026-02-14T16:03:17.854869Z,"when using opencode with glm it keeps asking me this

Continue if you have next steps, or stop and ask for clarification if you are unsure how to proceed.

what could be causing this",https://www.perplexity.ai/search/when-using-opencode-with-glm-i-SzOhawSqRTCwEsiDC7s2Qg
2026-02-14T15:43:46.691576Z,I want to configure opencode to use glm5 on vertexai; how,https://www.perplexity.ai/search/i-want-to-configure-opencode-t-zW1896MWRyiMuqGBRgD9nQ
2026-02-14T15:33:42.255168Z,in the perplexity web ui how can I make the side nav appear if it has disappeared due to the window width being narrow,https://www.perplexity.ai/search/in-the-perplexity-web-ui-how-c-WQfktIRQQs6gqNvZPNiaug
2026-02-14T15:27:20.869522Z,work out how I can make one split in ghostty a different colour,https://www.perplexity.ai/search/work-out-how-i-can-make-one-sp-IS.Jw0QbTpOt79YzPxxbDA
2026-02-14T15:16:04.157680Z,what is infsh,https://www.perplexity.ai/search/what-is-infsh-HZIkvbgFSM.KsYa15TYMtw
2026-02-14T14:49:51.068446Z,I want to learn about gcp clodurun. teach me,https://www.perplexity.ai/search/i-want-to-learn-about-gcp-clod-r2H4i6o7SfqVwee0V4JHzw
2026-02-14T14:16:18.005310Z,does vibe by mistral expect an openai compatible endpoint when accessing models,https://www.perplexity.ai/search/does-vibe-by-mistral-expect-an-ll2caQiuRUKGctbFPjd1qQ
2026-02-14T14:09:14.300579Z,what is the context length of glm 5,https://www.perplexity.ai/search/what-is-the-context-length-of-xQlYcARzStGqDAJptlM.aw
2026-02-14T13:36:15.115296Z,"I’m on page “<tabTitle>Vertex AI API  |  Google Cloud Documentation</tabTitle>” with “<selection>Train high-quality custom machine learning models with minimal machine learning expertise and effort.
S",https://www.perplexity.ai/search/im-on-page-tabtitle-vertex-ai-wF7sEJ4ERt6OUMdYeZYo8A
2026-02-14T13:08:28.822265Z,find me the api spec for model as a service as used by vertexai for the managed api from vertexai glm 5 is based upon,https://www.perplexity.ai/search/find-me-the-api-spec-for-model-xNLw7p9KTwOpZ6P4gy2TpQ
2026-02-14T12:55:38.999794Z,"if I add DEBUG=true to codex, where are debug messages shared",https://www.perplexity.ai/search/if-i-add-debug-true-to-codex-w-C_IoJGGIQYu8GOtkpRLzMg
2026-02-14T12:42:23.558982Z,I have a proxy that adheres to the openai spec - I want to configure codex to use it.,https://www.perplexity.ai/search/i-have-a-proxy-that-adheres-to-L0.aT6YQQVm5c2Oa3JYn2A
2026-02-14T12:17:02.273390Z,I want to configure codex to use my proxy server to access vertexai hosted models. how do I configure it,https://www.perplexity.ai/search/i-want-to-configure-codex-to-u-3KNXpIJ3Q.CEM8ozKff_cA
2026-02-14T07:10:04.047657Z,"Any news about Greenwich London, Charlton London, or Blackheath London. Exclude any news solely about the football, or Charlton Athletic. Ensure you remove duplicates. Follow my personalisation to str",https://www.perplexity.ai/search/any-news-about-greenwich-londo-lsoFzg05SE.2RgwO3nVAxQ
2026-02-14T07:05:54.851336Z,"Any and all updates about GroupM, WPP Media, Choreograph, and WPP. Ignore duplicates. Structure the output per my personalization settings. Only include updates or news from the day before and the mor",https://www.perplexity.ai/search/any-and-all-updates-about-grou-AFzfUZq8Sg200T3DcpErwg
2026-02-14T00:46:50.523512Z,What aoi spec does vertexai expose for Claude models and for GLM models,https://www.perplexity.ai/search/what-aoi-spec-does-vertexai-ex-JtcifPcNSTa7uccwUX2LRw
2026-02-14T00:04:41.931039Z,which agent is best to use w/ glm 5,https://www.perplexity.ai/search/which-agent-is-best-to-use-w-g-AcXGdJzISb6xot01HHFzhg
